participant,session_info,session_type,session_number,X Disp_mean,X Disp_std,X Disp_min,X Disp_max,Y Disp_mean,Y Disp_std,Y Disp_min,Y Disp_max,X Abs_mean,X Abs_std,X Abs_min,X Abs_max,Y Abs_mean,Y Abs_std,Y Abs_min,Y Abs_max,"Session experience (1-Low, 5-High).Stress level_y","Session experience (1-Low, 5-High).Attention_y","Session experience (1-Low, 5-High).Robot movement predictability_y","Session experience (1-Low, 5-High).Excitement_y",What caused stress for you?_y,How mentally demanding was the task?_y,How hurried or rushed was the pace of the task?_y,How hard did you have to work to accomplish your level of performance?_y,"How insecure, discouraged, irritated, stressed and annoyed were you?_y","How successful were you in accomplishing what you needed to do? (1-Failure, 20-Perfect)_y"
e1,baseline,baseline,0,1.9208835358400225,0.7858402672458618,-1.089191436767578,4.469060897827148,0.0048578334153945475,1.3786187439043884,-3.3787918090820312,4.435234069824219,133.86163736487035,15.002389121004855,76.90335273742676,190.13866424560547,164.2308155363075,25.657502748097038,107.51800537109376,270.7644844055176,,,,,,,,,,
e1,session1,session,1,-21.26312540166049,13.21176763321067,-41.99509620666504,28.233661651611328,4.7110884758219065,5.6550229055817836,-8.953895568847656,26.07246398925781,3474.590634611361,429.1102831008282,2135.696353912353,4416.193313598633,1839.3131485144963,295.1912718583924,940.7918548583984,2401.330165863037,1.0,2.0,5.0,1.0,The cameras;,1,1,1,4,20.0
e1,session2,session,2,-59.13250025346189,6.952399262126092,-76.70721530914307,-39.870872497558594,23.488841356093914,10.521257224958806,-8.277416229248047,37.51411437988281,4208.020313025519,449.1992997451939,2898.5782527923584,5315.353674888611,2577.750364407336,224.70681664155364,1824.8755645751955,2974.31697845459,2.0,3.0,3.0,2.0,The amount of blocks;The cameras;,3,3,3,2,19.0
e1,session3,session,3,-35.378082047945284,6.913958325508559,-47.57194519042969,-11.18133544921875,29.629416924640225,5.966918881943616,11.145706176757812,39.157981872558594,3359.839157838702,412.83739274587066,2073.245143890381,4178.650331497192,2845.9013422562984,267.18405160477585,1953.3906173706048,3345.85636138916,1.0,2.0,4.0,2.0,Nothing caused stress;,2,4,3,3,20.0
e1,session4,session,4,-29.929448431007035,6.310808430449173,-38.61268043518066,-8.733558654785156,4.560778390413548,10.077911602841258,-18.65755081176757,27.513160705566406,4595.117977952358,495.4986818326506,2900.070676803589,5631.286268234253,2117.7764392996432,228.19377186904956,1541.094856262207,2545.266456604004,3.0,5.0,4.0,5.0,Speed of robot(s);,10,15,8,10,19.0
e1,session5,session,5,-66.56345212808712,5.432945802692147,-79.78194236755371,-49.94793891906738,39.94156582086156,8.741723511004757,10.747432708740234,49.93011474609375,4029.353104016771,372.0035421488701,2851.017637252808,4834.757881164551,2344.8831549847973,173.40453324248156,1827.455368041992,2732.2056579589844,3.0,4.0,4.0,3.0,Nothing caused stress;,4,5,5,3,20.0
e1,session6,session,6,-19.960550104723815,14.414475079011181,-43.26250076293945,36.39514446258545,17.857409361516083,4.444491670645766,0.3843307495117187,27.718276977539062,6729.355260378147,882.3878182804702,3986.762466430664,8653.84470462799,3700.951623158475,826.405316958671,1605.343780517578,5474.106311798096,3.0,3.0,5.0,3.0,Nothing caused stress;,4,4,3,7,20.0
e1,session7,session,7,36.23114634757261,3.30130100734215,23.865365982055664,42.03778266906738,20.78557078309638,2.706553659705907,14.991989135742188,26.084213256835938,2064.4356635923664,98.39880462567282,1786.7003917694092,2310.5201053619385,1555.3528288917062,123.25909311807631,1175.9105682373047,1853.075256347656,2.0,2.0,5.0,2.0,Nothing caused stress;,3,3,3,5,20.0
e1,session8,session,8,20.831129311517692,5.248934900234766,13.132696151733398,36.887054443359375,15.786528607292654,5.933816230148903,-2.5505447387695312,30.73047637939453,3969.87073136174,477.1483958070171,2456.8686389923096,5035.79815864563,2341.4977283956614,197.92702522359653,1702.5286483764648,2724.17106628418,3.0,4.0,4.0,3.0,Nothing caused stress;,4,5,3,7,20.0
e17,baseline,baseline,0,5.520642661649313,0.8680793728998949,3.6124420166015625,7.750310897827148,9.338282621056464,1.2694304040016404,4.744377136230469,11.175670623779297,105.63335252107437,6.9502453658714,87.62426376342773,123.66891860961914,109.80488872927103,9.545949962145077,78.4835433959961,141.6615104675293,,,,,,,,,,
e17,session1,session,1,52.640810990433316,3.8098136327192544,44.250569343566895,62.79167175292969,28.04195619527266,6.525176973217457,10.046882629394531,41.16268157958984,1978.451861876324,213.97856275073033,1373.7901496887207,2456.398730278015,1050.8813752689123,106.8010782967367,699.1035461425781,1238.6810302734375,3.0,3.0,4.0,1.0,because the slowness pf the robot it gave me time to think about everything I need to do today,3,2,3,5,20.0
e17,session2,session,2,-14.415506912574608,6.821660539352104,-23.81555557250977,10.66838264465332,22.910066349237034,8.514562516550887,5.860366821289063,40.242919921875,4552.908883289313,474.39623207107024,3001.081323623657,5578.383107185364,1764.2597720812555,304.3497538614757,1015.9659576416016,2605.29447555542,2.0,3.0,2.0,3.0,Nothing caused stress,3,3,4,5,20.0
e17,session3,session,3,0.0,0.0,0.0,0.0,0.0,0.0,0.0,0.0,0.0,0.0,0.0,0.0,0.0,0.0,0.0,0.0,3.0,5.0,1.0,4.0,Speed of robot(s);Predictability of robot(s);The amount of blocks,10,10,7,7,18.0
e17,session4,session,4,0.0,0.0,0.0,0.0,0.0,0.0,0.0,0.0,0.0,0.0,0.0,0.0,0.0,0.0,0.0,0.0,2.0,4.0,4.0,2.0,Nothing caused stress,2,2,2,2,20.0
e17,session6,session,6,0.0,0.0,0.0,0.0,0.0,0.0,0.0,0.0,0.0,0.0,0.0,0.0,0.0,0.0,0.0,0.0,2.0,4.0,3.0,3.0,Predictability of robot(s),5,5,3,2,18.0
e17,session7,session,7,0.0,0.0,0.0,0.0,0.0,0.0,0.0,0.0,0.0,0.0,0.0,0.0,0.0,0.0,0.0,0.0,2.0,4.0,3.0,3.0,Nothing caused stress,5,3,3,1,19.0
e17,session8,session,8,0.0,0.0,0.0,0.0,0.0,0.0,0.0,0.0,0.0,0.0,0.0,0.0,0.0,0.0,0.0,0.0,2.0,4.0,3.0,3.0,Nothing caused stress,3,3,3,3,19.0
e18,baseline,baseline,0,-39.402223231902184,5.819413420270464,-50.12300491333008,-16.766252517700195,-1.170590412666608,1.4205693861771858,-7.058525085449219,3.10882568359375,225.2526984753469,43.03838335371771,86.56537055969238,303.29163551330566,190.58594655791086,23.3385204006265,131.68453216552734,232.09197998046875,,,,,,,,,,
e18,session1,session,1,30.270352273805372,3.5363992494159233,20.9084415435791,39.84439373016357,10.054565333921042,4.405847054431695,0.196380615234375,22.396812438964844,168.0208011152355,18.216903398912454,124.09814357757568,217.840633392334,204.43097565463398,26.553425108410668,134.48551177978516,268.7649917602539,1.0,5.0,5.0,3.0,The wristband,4,5,4,4,18.0
e18,session2,session,2,-70.71727697320563,7.291953138871479,-84.11410331726074,-42.96930313110352,-46.874051233714596,7.136073664180847,-59.560203552246094,-27.84126281738281,770.428429423017,71.8915614558486,547.1549606323242,946.7861080169678,798.672033613197,77.30475532227408,585.6096649169922,923.6755752563477,2.0,5.0,3.0,3.0,Predictability of robot(s),6,4,6,4,18.0
e18,session3,session,3,40.350724912587566,1.2379959455984353,38.27665328979492,44.03736591339111,12.692429929597607,4.8364243899781725,3.0669021606445312,24.610004425048828,292.40608964505054,36.64129446596664,180.1797580718994,400.2516031265259,430.545994507219,73.38969677438557,251.4480209350586,603.7662696838379,1.0,4.0,4.0,3.0,Nothing caused stress,4,5,6,2,18.0
e18,session4,session,4,-39.87976318622733,9.913395318759006,-55.874104499816895,-1.2886905670166016,33.621078116125645,4.556195172456107,17.3272705078125,43.89209747314453,651.9905855416254,54.78836272243775,498.0782461166382,774.0203905105591,549.2163563572713,67.65474208798116,363.4891128540039,669.6294021606445,3.0,4.0,5.0,4.0,Speed of robot(s);The amount of blocks,8,10,12,7,13.0
e18,session5,session,5,-41.17879684500116,5.566381724816848,-58.43493461608887,-30.63305854797364,0.23274413711356318,9.533987758609726,-27.895736694335938,12.596702575683594,969.5194798333874,119.46330561169654,582.3574161529541,1174.4001245498655,743.060616728651,63.11256513276697,556.2807846069336,868.3029174804688,1.0,3.0,4.0,3.0,Sound of the lego blocks,4,6,5,3,17.0
e18,session6,session,6,-24.41679685185644,4.1961731920193985,-31.49509906768799,-8.75020980834961,26.379711478325113,4.827885876068855,10.811386108398438,34.37408447265625,475.6458216531506,44.70675725079909,350.8494472503662,573.1085443496704,730.7727690421387,87.01180871935485,481.527099609375,880.5133819580078,2.0,4.0,4.0,3.0,Speed of robot(s),6,4,7,3,19.0
e18,session7,session,7,-94.39948075984812,9.351986573870443,-110.54557800292967,-64.02780532836914,28.809231075781657,5.8319874530132845,8.507652282714844,38.80592346191406,712.765534951597,90.80874594290458,447.09975242614746,892.00026512146,631.7400403202329,77.81126828786078,405.60665130615234,783.0034637451172,2.0,4.0,3.0,4.0,Predictability of robot(s);Sound of the lego blocks,5,4,6,5,19.0
e18,session8,session,8,24.96610303802969,6.076462600193979,5.272679328918457,37.05329418182373,-37.84380549666273,7.740661550261229,-52.46070861816406,-12.863426208496094,420.37910853968503,71.17363626595132,233.7167501449585,595.8545207977295,603.1199101723388,103.91720799687822,335.2433395385742,825.7683944702148,1.0,4.0,5.0,3.0,Nothing caused stress,2,1,4,2,19.0
e19,baseline,baseline,0,1.8423395675595335,0.8613491504644674,-0.2950572967529297,3.617219924926758,12.660076308948724,2.62102062042459,5.595817565917969,20.52642822265625,277.08967172949883,49.739143628212496,81.58751964569092,355.7892036437988,267.5023739307994,39.351859394972216,160.03868103027344,335.8637237548828,,,,,,,,,,
e19,session1,session,1,-127.65531027167413,10.300063254249393,-149.03858184814453,-91.15116119384766,4.585935201604995,8.97463841722777,-19.469070434570312,27.45323181152344,3055.364536680437,402.1371255986521,1885.0982093811035,4011.251964569092,1765.90993338549,169.99319415518272,1231.557846069336,2116.0728454589844,1.0,5.0,5.0,1.0,Nothing caused stress,1,10,5,5,20.0
e19,session2,session,2,-216.6234475399161,14.787682145621075,-252.91983604431152,-173.91147136688232,-19.80672656741601,22.14179522056197,-79.93274688720703,31.532020568847656,3708.777808095621,397.6472185542416,2538.20689201355,4604.725027084351,1673.663156461516,147.60940083413738,1220.0720596313477,1964.348373413086,2.0,5.0,5.0,1.0,Nothing caused stress,5,5,10,5,20.0
e19,session3,session,3,16.725873727678753,2.051446833224585,13.740692138671877,23.50696563720703,15.834495672122205,5.15945489374946,1.6443252563476562,29.03705596923828,1514.0365433992201,260.7991826904003,608.4013652801514,1967.704496383667,1394.883557882269,167.0213703744516,852.5912857055664,1883.287124633789,1.0,1.0,1.0,1.0,Nothing caused stress,1,1,1,1,20.0
e19,session4,session,4,-26.906001019178575,7.089822950999816,-38.56103897094727,-1.609783172607422,-17.673849401114875,6.715478351734412,-28.61572265625,4.172286987304688,2874.3967692123797,392.76574072450427,1535.0035572052002,3573.9504432678223,1618.6344058942595,144.57974816782294,1134.351577758789,1986.916046142578,1.0,1.0,5.0,1.0,Nothing caused stress,1,1,1,1,20.0
e19,session5,session,5,-76.60019617200396,4.277168567984111,-83.55337142944336,-61.04418754577637,-35.29289700496147,3.894774571651526,-43.01868438720703,-24.503326416015625,3909.1059972252306,424.8020979807303,2523.724164962769,4813.783149719238,2129.5749806360222,173.15109291668404,1601.5515899658203,2487.366256713867,1.0,1.0,5.0,1.0,Nothing caused stress,1,1,1,1,20.0
e19,session6,session,6,-9.990773061329351,8.111179196064073,-19.934864044189453,16.808853149414062,-73.489211134332,12.09104317023317,-92.15438842773438,-40.160255432128906,3966.540169237049,347.65237146251025,3019.303150177002,4840.855865478516,1989.3051964269023,135.00881566365743,1672.173080444336,2311.686477661133,1.0,1.0,5.0,1.0,Nothing caused stress,1,1,7,3,20.0
e19,session7,session,7,-10.36538529096787,8.07499076606597,-22.49293327331543,16.807308197021484,2.642373918988216,10.95432776863651,-16.829605102539062,29.41566467285156,2243.1998943783747,330.51035638307656,1130.2196502685547,2888.87806892395,2488.9256960976572,224.7566314684289,1823.0622482299805,2992.803649902344,1.0,1.0,5.0,1.0,Nothing caused stress,1,1,1,1,20.0
e19,session8,session,8,-75.88780498903665,3.903115683605931,-82.30118751525879,-67.16623306274414,-13.041422696293148,4.891682004259876,-19.897804260253903,2.4985885620117188,2765.0204027048217,321.7782247663167,1812.022876739502,3554.219970703125,2138.84432828576,302.48008177226177,1222.2017288208008,2760.422019958496,1.0,1.0,5.0,1.0,Nothing caused stress,1,5,5,1,20.0
e2,baseline,baseline,0,-70.8943494693006,15.077694167584607,-96.75230026245116,-12.839555740356444,3.467307948667135,3.407253700164904,-11.697998046875,12.863273620605469,1291.9482522429782,247.63788376135975,374.07139778137207,1735.939378738403,330.41212365218286,42.92699999014886,185.07549285888672,420.1827239990234,,,,,,,,,,
e2,session1,session,1,-10.36132000480237,3.2011988050438083,-17.75914192199707,-3.178682327270508,0.5941269288003195,4.187029481339315,-8.9306640625,10.00143051147461,53.39310811653297,5.502618627748892,43.32249641418457,68.59651565551758,42.18789196413431,8.103246892069173,22.969284057617188,57.8465461730957,1.0,3.0,4.0,2.0,Nothing caused stress,3,5,1,1,20.0
e2,session2,session,2,-6.5633160798619485,4.9738863251894525,-25.94329833984375,0.9469985961914062,13.176997695507863,3.3028637171799073,6.805286407470703,21.16252899169922,2733.915519963747,270.45696418903213,1688.8768672943115,3231.751756668091,1067.0052203772955,237.2040851888009,506.8386840820313,1594.140510559082,1.0,4.0,5.0,1.0,Nothing caused stress,1,1,1,1,20.0
e2,session3,session,3,-23.181362970104775,8.95231295604377,-39.06904220581055,8.75401496887207,38.39204441054596,8.208917703450236,16.50491714477539,56.44020080566406,2376.4297763672835,272.3464003846598,1398.689546585083,2908.74083518982,1033.5518386872743,203.66405187390336,491.85192108154297,1385.42875289917,1.0,4.0,5.0,1.0,Nothing caused stress,1,1,1,1,20.0
e2,session4,session,4,53.77723713799002,7.884892662526004,25.871686935424805,70.69710731506348,42.69124122843084,11.720438872781157,3.04422378540039,57.87668228149414,3641.5300207656796,418.3549015077985,2204.1807746887207,4468.933267593384,1182.0157798463829,181.41649837650314,762.9853820800781,1697.6102447509766,1.0,4.0,5.0,1.0,Nothing caused stress,1,1,1,1,20.0
e2,session5,session,5,-18.71460726071601,4.9799982651982235,-34.4534969329834,-10.389432907104492,16.942396044232357,5.930978189733681,-0.5941009521484375,27.224159240722656,3541.380829242483,321.65092788579386,2365.8107471466064,4192.526178359985,1288.676957365858,273.39027355775636,653.3897399902344,2025.1422309875488,1.0,5.0,5.0,1.0,Nothing caused stress,3,3,2,1,20.0
e2,session6,session,6,-13.850362061456657,4.827707770601406,-22.269229888916016,5.997962951660156,5.675187829149318,5.935650034137083,-14.421977996826172,17.911529541015625,2274.193856097664,217.1715140452649,1557.6219463348389,2714.3044567108154,971.2592931571864,91.14667605244318,792.9805755615234,1252.5156593322754,1.0,5.0,4.0,1.0,Nothing caused stress,5,5,4,1,20.0
e2,session7,session,7,37.76389668676145,10.143477231647868,-4.999895095825195,54.43674087524414,33.56620178063046,6.409930021801766,16.4306640625,45.22008895874024,2858.754314239055,450.319724937443,1405.1255321502686,3750.6273651123047,1355.5441689990055,118.01961241347755,976.5110397338868,1643.9366912841797,1.0,4.0,5.0,1.0,Nothing caused stress,1,1,2,1,20.0
e2,session8,session,8,-27.428260258550925,4.168884828159591,-41.577186584472656,-20.288143157958984,11.918921849717655,6.722143141274634,-9.392642974853516,21.56156539916992,2564.11307106457,260.6996640690432,1676.9511795043943,3026.7405366897583,1010.5466234534356,119.93767373345943,724.1954040527344,1298.1550788879397,1.0,5.0,5.0,1.0,Nothing caused stress,2,2,1,1,20.0
e20,baseline,baseline,0,2.6883420784603107,0.5391240496094072,1.2654590606689735,3.7784385681152335,2.5471374080769666,1.1462891313768693,0.3044891357421875,5.650062561035156,35.740585387002476,5.18283328216226,23.616886138916016,51.7137908935548,46.17023607676998,6.926016734518943,33.275375366210824,85.54740905761685,,,,,,,,,,
e20,session1,session,1,35.807724527734095,12.351948598340664,-8.544831275939941,57.30186939239502,-18.389210720940117,10.323064933117493,-34.60483551025396,9.948539733886662,4349.927837534429,638.1294911254836,2735.4158449172974,5976.754581928253,2183.377266009981,223.52317039382106,1673.3554458618164,2752.4789428710938,,,,,,,,,,
e20,session2,session,2,0.0,0.0,0.0,0.0,0.0,0.0,0.0,0.0,0.0,0.0,0.0,0.0,0.0,0.0,0.0,0.0,,,,,,,,,,
e20,session3,session,3,42.338342796309725,6.71823450687137,29.87721920013433,67.16800689697266,20.61776544259682,6.42195193537221,-2.467498779296875,30.97564697265625,3132.5702603392024,429.73990840760797,2129.620313644409,4213.774781227112,2291.231325899707,234.58603966633513,1795.8404159545896,2827.434463500977,,,,,,,,,,
e20,session4,session,4,11.874378306097563,6.9358549233491456,-4.060149192810115,31.24729156494135,-49.39134230673562,6.373776671699654,-56.667861938476506,-24.58690643310547,4807.0304460405805,894.2382446184322,2040.0366353988647,6905.071749687195,2817.0414929409903,495.6585618670593,1921.6667175292969,4281.515769958496,,,,,,,,,,
e20,session5,session,5,-11.000002378200387,8.547522469543937,-27.07729339599612,18.4320259094238,-6.0752278890569835,5.176694397591284,-20.341758728027344,7.600517272949162,3847.540970970896,829.7855450349646,1459.303057193756,5851.30425453186,1993.4049867286842,313.5761148537589,1451.7853546142578,3174.6513366699223,,,,,,,,,,
e20,session6,session,6,36.98892194356878,11.816838022517494,12.362251281738338,75.76741218566892,-28.714946363760337,10.014043733634281,-47.83306121826172,4.485931396484432,2908.92311601958,431.3432839823666,1625.5569934844975,3774.779305458069,2338.1014286025297,138.52425362138223,1815.524826049805,2614.0417098999023,,,,,,,,,,
e20,session7,session,7,2.4935207057697504,6.9113847821895575,-14.161005020141602,20.549454689025907,-73.05073327100426,10.6116417166152,-89.38453674316406,-43.93829345703131,4389.85044410538,601.9912569540055,2398.5517036914825,5471.236782073975,2171.103309647309,331.57149926489694,1450.596694946289,3057.362365722656,,,,,,,,,,
e20,session8,session,8,48.675290864880616,9.584391624083667,30.522980690002385,81.36066913604736,-20.840718616501558,6.57901783825169,-34.983673095703125,-4.960250854492188,5268.026024083213,712.0670203534885,3032.6079511642456,6837.493829727173,2586.5491960836753,230.17227253233872,2109.844665527344,3266.481246948242,,,,,,,,,,
e22,baseline,baseline,0,-4.071530796992728,3.380488262295701,-12.007555961608888,3.2293081283569336,7.76142535349315,5.452462771677268,-7.145500183105469,17.267189025878963,97.73117035502669,9.308959499207198,62.04620361328125,115.48971176147438,96.56356995075816,20.76811101105626,67.72819519042935,186.9913101196288,,,,,,,,,,
e22,session1,session,1,48.486416798755215,6.257482817261358,27.469539642333984,56.46364688873293,-106.16081668742032,10.43318553943555,-129.19879913330078,-73.17962646484375,4133.971909399312,379.52749984189313,2963.341112136841,4883.475379943848,1758.6066052105637,171.15340431180277,1337.5728225708008,2177.21019744873,,,,,,,,,,
e22,session2,session,2,22.541560069287673,9.97374366809351,5.250005722045898,50.86179256439212,-24.24859334235411,13.462901654650972,-52.37731933593744,11.36249542236328,2662.1624735708515,311.21331958869456,1740.26704788208,3189.440031051636,1757.350512109541,198.20557255386754,1091.3122177124023,2112.0873641967783,,,,,,,,,,
e22,session3,session,3,-2.816072238539053,8.483404858643176,-28.1544828414917,8.754386901855497,105.00085359836721,12.660568019967853,71.63431167602539,126.02291107177734,2284.7676497922284,258.47644214521296,1490.9591102600098,2775.1174879074097,1591.1170001010016,177.22782964187968,1052.8965377807613,1931.222915649414,,,,,,,,,,
e22,session4,session,4,-28.178570859103022,4.192824926571097,-43.195581436157255,-22.2213077545166,-4.920195056803555,3.398390480387188,-12.689285278320312,3.571128845214844,2583.908646745163,366.1677599097604,1439.062442779541,3202.10844039917,1510.8921313984124,123.35735564747232,1118.3526229858398,1791.7601394653327,,,,,,,,,,
e22,session5,session,5,-12.889913844264202,6.819572186000019,-28.641228675842285,5.8454132080078125,-64.54412739645986,12.18054954371403,-83.16387176513672,-15.43796539306635,3861.582411821916,408.87738517927954,2425.345058441162,4614.405913352966,1833.660708231906,137.44830826818892,1454.2567825317385,2181.327781677246,,,,,,,,,,
e22,session6,session,6,-15.916622313495463,1.9166365268902925,-21.24505519866944,-10.524587631225586,34.50425594920394,8.071778603375618,7.7715301513671875,51.77867889404297,2444.7312748581794,275.91079526175395,1711.5834331512451,3119.472527503968,2443.604465747977,409.895720188584,1133.8477706909175,3068.583793640137,,,,,,,,,,
e22,session7,session,7,-23.08341255746626,7.57494493599059,-35.319671630859375,-0.4982757568359091,-52.216950260944444,9.72985598015694,-75.95268249511713,-21.46434783935547,2891.2352610631965,463.17316987689725,1300.1223421096806,3696.0826778411865,2178.2442662705935,161.9438455180949,1669.8110580444336,2541.382064819336,,,,,,,,,,
e22,session8,session,8,54.183792030462165,9.842096134441226,41.49052619934079,87.7695894241333,-56.95293378630443,16.879470527530962,-94.51107025146484,-18.16658020019537,2905.5675204528425,328.8221198940672,1864.7731590271,3487.651963233948,2318.4440122787923,267.1995388249784,1554.543876647949,2881.2257385253906,,,,,,,,,,
e23,baseline,baseline,0,-66.1806008855668,11.729861012160226,-94.99677658081056,-39.65224742889404,-11.055938329656753,18.81913673117985,-49.081993103027344,34.44023132324219,759.2874471762191,111.98171868425658,347.053964138031,957.5412619113922,657.0297489006649,59.74529425489828,463.684196472168,812.3854827880859,,,,,,,,,,
e23,session1,session,1,92.5870445981684,9.145508646249807,59.48321342468262,107.03932285308838,-4.678955118027691,12.10878854603417,-33.20465087890625,21.75569534301757,3446.7478074289265,521.1291392516376,2152.783269882202,4706.47873878479,1958.4445948979844,234.80841036716103,1452.6588821411133,2649.678077697754,1.0,3.0,5.0,3.0,lack of hygiene;The sound of the robot(s),4,5,5,5,20.0
e23,session2,session,2,-8.827706720040933,3.837519311697472,-13.404936790466309,3.1411027908325195,-32.83505882678172,7.560901813508243,-55.85716247558594,-18.6269760131836,2664.0712171518653,472.0897762354909,1384.5892667770386,3816.078958511353,2066.3377161704348,555.3938309603748,1018.321418762207,3368.12894821167,1.0,4.0,5.0,3.0,The sound of the robot(s),3,5,2,5,20.0
e23,session3,session,3,-7.857310941528576,12.940623615187365,-41.48652076721192,22.22768783569336,43.42103850392617,17.347226331602776,-3.2597732543945312,73.98048400878906,2068.9956978374944,367.4063630247742,1120.0631761550903,2967.3680877685547,1724.0851977280493,270.2344013825536,1204.706802368164,2496.790199279785,2.0,1.0,2.0,1.0,The sound of the robot(s);Predictability of robot(s),6,1,1,6,20.0
e23,session4,session,4,0.09856125300898212,10.897615528166844,-25.89777946472168,27.482728958129883,-30.240092496991657,16.095608618517783,-79.30961608886719,-7.247962951660156,5233.669604995759,755.8745483463581,3588.9685249328613,7113.302478790283,2294.2433667681707,355.7649957753075,1552.0606231689453,3333.282623291016,3.0,5.0,5.0,4.0,The amount of blocks,4,8,7,1,20.0
e23,session5,session,5,-20.858522798226968,12.525157147165304,-62.57715225219727,3.5523605346679688,29.068537516573983,10.903037127663378,-0.2980613708496094,54.28516387939453,3036.5656036113596,450.4100615862093,1900.94069480896,4168.030385971069,1925.2383250471937,213.05673459812962,1478.1169891357422,2536.572456359864,1.0,1.0,5.0,1.0,Nothing caused stress,3,1,1,1,20.0
e23,session6,session,6,128.85089366505835,13.460476105580994,98.791823387146,161.01402282714844,85.10478314994269,24.416301654054784,4.131126403808594,111.99081420898438,4318.112868394812,720.0155211104969,2774.456119537353,6091.430912017822,2653.600264872467,587.5172304531741,1710.6893157958984,4020.381240844727,2.0,4.0,4.0,3.0,The amount of blocks,5,6,3,2,20.0
e23,session7,session,7,27.442902142033915,10.877962149561652,7.308712005615234,66.03226661682129,-175.32015704709616,17.729418531627484,-206.13666534423828,-119.10392761230467,3298.037239018843,481.5666866235662,2072.4069213867188,4410.962762832642,2156.916523019639,308.45873974564233,1572.5949478149414,2860.048370361328,2.0,2.0,4.0,3.0,Nothing caused stress,4,4,2,1,19.0
e23,session8,session,8,127.29467820921703,14.98009090585253,93.58288764953612,164.57837104797363,-17.293359165909898,27.935134469712267,-65.31543731689453,56.20674133300781,4637.962143605723,577.2782835396745,3351.425886154175,5981.555006504059,2710.06529979626,228.24216782466826,1986.320686340332,3293.663024902344,2.0,3.0,3.0,3.0,Speed of robot(s),5,4,3,1,20.0
e25,baseline,baseline,0,-0.14553709508983667,1.2616540236527498,-3.9706993103027344,2.7797412872314453,5.398564478343501,1.9847336858472024,0.4403877258300781,15.462722778320312,66.40924215316774,7.862844054949363,41.77825927734369,84.3252038955689,88.4810818388871,19.866389910606422,49.69654083251942,200.92716217041016,,,,,,,,,,
e25,session1,session,1,24.278342584187016,7.064252045213666,-1.2450885772705078,35.675053596496554,-7.373850794516847,3.416012814040706,-13.464584350585994,7.041110992431584,1874.8499806156717,291.6465163368845,1081.133251190185,2582.555193901062,1937.199977132566,201.40440275293992,1265.673751831055,2414.1488456726074,,,,,,,,,,
e25,session2,session,2,-6.406400193729162,3.775143752393426,-19.66768741607669,0.1104211807250692,-37.18245681858462,5.149853744314769,-47.058277130126896,-19.01683807373047,1924.9132755910005,245.40221002360104,1264.5048093795772,2537.6839685440063,1935.0456823165446,195.6846957333559,1288.9723396301272,2362.237148284912,,,,,,,,,,
e25,session3,session,3,46.61115305194296,12.59879108074325,16.977996826171875,78.29665660858157,26.62279823335145,15.638740341002533,-7.953739166259766,65.37260055541995,2063.6908049762997,435.97537858054557,949.8324966430664,3123.785662651062,1825.0075795959729,296.2365720369652,937.6311874389648,2469.4366645813,,,,,,,,,,
e25,session4,session,4,17.543693606324773,8.723393134153921,-3.5170555114746094,39.86676692962644,4.137502853840464,11.312026365069837,-24.70855712890625,28.572444915771484,2115.7142467179556,382.79018920262996,1123.9851951599123,3053.5796785354614,2225.6455249467153,237.32208324721353,1422.603034973145,2680.269145965576,,,,,,,,,,
e25,session5,session,5,0.0,0.0,0.0,0.0,0.0,0.0,0.0,0.0,0.0,0.0,0.0,0.0,0.0,0.0,0.0,0.0,,,,,,,,,,
e25,session6,session,6,34.47469729259922,9.095833818238265,15.328245162963896,57.46112823486328,0.6940562355967246,11.66402048148121,-19.980831146240234,34.39584732055664,3005.7175645967905,509.4624481912697,1734.3639850616453,4357.784471511841,2467.334958798716,203.59790394420978,1816.5999603271484,2924.224052429199,,,,,,,,,,
e25,session7,session,7,2.7676457441002746,3.027914628123986,-3.331317901611328,9.826369285583496,-56.507819706426005,6.575746254370373,-69.105224609375,-36.8658065795899,2157.8986059372396,435.22244480532083,1046.8737888336182,3220.487508773804,2017.037457621746,344.82335518063485,1020.8295059204102,2740.153369903565,,,,,,,,,,
e25,session8,session,8,-8.204626348726917,5.816632609461151,-25.072917938232425,1.565237045288086,-7.060796546137981,9.73679009027207,-37.44243621826175,7.459144592285213,3830.4029038760455,503.8045477212733,2544.9881172180176,5127.427096366882,2240.098758920965,277.7481373935555,1599.5443725585938,2964.14514541626,,,,,,,,,,
e26,baseline,baseline,0,-158.47787564768453,5.426376578499712,-167.59632110595703,-137.247633934021,12.24199881613504,5.369233453537615,-1.7873764038085938,26.191482543945312,206.8488474470801,13.186182278189879,157.0337533950804,233.74643325805675,44.021235070966775,5.842499488272866,32.834091186523324,72.80210494995117,,,,,,,,,,
e26,session1,session,1,31.26382160386281,10.053974393953432,16.29753112792963,66.50044441223145,39.272864233998575,11.470548094875303,2.4420166015625,63.55358123779297,1291.629638582094,175.43722262559865,626.0818862915038,1581.7633152008057,837.3757547913236,71.38261665771759,642.5484466552732,1036.389217376709,,,,,,,,,,
e26,session2,session,2,-6.46506077076102,2.122970965042558,-11.076650619506836,-2.250494956970215,-10.301151315537458,6.28157016727984,-21.19220733642578,5.084152221679659,2103.9719270662285,233.01895378916086,1469.9408912658694,2516.857481002808,1699.5717741754763,125.80406977445934,1311.1159515380857,1947.6176834106443,,,,,,,,,,
e26,session3,session,3,-34.61395602844749,2.6230929565852774,-39.25163269042972,-25.12415885925293,38.16559679837406,5.128432339632583,22.47352600097656,48.982696533203125,1239.4371547659073,224.77180869956518,444.8111343383786,1607.6438283920288,714.1477696965429,52.28446823642917,574.0385818481448,843.6081314086925,,,,,,,,,,
e26,session4,session,4,-25.82212851137297,2.850189944227401,-33.68030548095703,-19.44342613220215,13.815581908285868,4.765174782260882,3.100776672363281,24.983253479003963,3932.9028959354096,440.1462261021704,2313.8548851013184,4702.7952003479,2668.9509667113234,144.36337106288897,2272.6998901367188,2974.785919189453,,,,,,,,,,
e26,session5,session,5,13.483382598126779,10.495716053804447,-2.4524688720703125,49.190912246704045,34.56111281486735,9.554417716889253,5.22186279296875,53.51715087890619,3069.130595588285,308.82349283719554,1999.804658889771,3638.053493499756,1446.2095508415828,128.63770191522462,1075.1196670532229,1747.4906158447266,,,,,,,,,,
e26,session6,session,6,73.37007639298379,8.491758596231747,47.8694343566894,84.72923755645752,36.878823036928054,16.163764310619605,-7.7924346923828125,62.11853027343747,2550.6943768237925,374.9686370774751,1265.914535522461,3230.204916000366,1606.3583259502714,205.06506823350662,949.4159698486328,1945.0288391113284,,,,,,,,,,
e26,session7,session,7,30.859672005705256,0.5961124327396967,29.49391365051269,32.421555519104004,-5.352146236467563,2.9360162074543514,-13.392028808593691,2.522869110107422,2523.0513740184415,351.8045271630496,1315.3182506561277,3176.480097770691,1380.0966843401538,114.63643053951596,962.298316955567,1589.8186874389642,,,,,,,,,,
e26,session8,session,8,185.1073627192605,6.738937833404687,168.8591766357422,202.7828979492188,101.61245114633728,11.881535420037263,70.20698547363281,128.11267852783203,4665.531159025854,568.5218541855264,2757.5096797943115,5732.711248397827,2742.7857510714352,134.18632603570668,2463.33797454834,3019.60786819458,,,,,,,,,,
e27,baseline,baseline,0,-7.0200455039116125,0.3685991980094799,-7.712888717651367,-5.745463371276856,-1.142223589589905,1.0684225823370432,-3.1125259399414062,2.511138916015625,28.739122107437964,4.839452351753618,21.08978748321533,59.8838996887207,52.532097684788404,10.549993606663776,34.94468688964844,111.86952590942384,,,,,,,,,,
e27,session1,session,1,3.596790634937366,3.8308229753791507,-9.508323669433594,10.19794464111328,23.51965728663999,3.5980231827504525,11.569862365722656,31.250991821289062,2786.614529547831,314.2847418560178,1785.2675485610962,3371.8961906433105,1547.579225955149,144.0132989796155,1231.0671997070312,1779.831085205078,1.0,3.0,4.0,2.0,Nothing caused stress,7,3,8,2,20.0
e27,session2,session,2,53.63779725389999,9.345791153524875,27.86474704742432,73.54654312133789,-8.53433421466141,9.569938200028826,-34.09364700317383,17.958717346191406,2832.735900549709,441.3070126616668,1223.3811950683594,3571.1219787597656,1599.0507365669666,248.88329907101897,981.5132904052734,2007.818069458008,1.0,2.0,5.0,2.0,Nothing caused stress,3,2,5,2,20.0
e27,session3,session,3,-35.831873626389765,18.761726023516434,-69.14148330688477,34.33656692504883,-36.77011266413094,7.879126255203761,-53.744850158691406,-12.012939453125,2040.8830161274227,180.32681650190128,1549.1516017913818,2461.5547943115234,1964.8039572009482,244.7450635761745,1378.5267066955566,2394.083633422852,1.0,1.0,5.0,1.0,"Felt bad for robot b/c moving so slow (similar to empathy for elderly people). Wanted to help robot so it didn't fail or ""embarrass"" itself",1,1,2,1,20.0
e27,session4,session,4,20.045251916143187,7.842002048600319,4.299488067626953,48.8849687576294,-14.763369899414574,4.223973249507315,-22.5567626953125,-1.230316162109375,2304.0167355537415,171.7368076716862,1921.824402809143,2717.2869300842285,1805.2041708575132,185.9635967724795,1246.0596084594729,2152.2116088867188,2.0,3.0,4.0,3.0,Placement of blocks onto surface (sometimes issues aligning them which would slow me down),9,8,10,2,19.0
e27,session5,session,5,9.782179708760154,3.998793795673934,4.949369430541992,23.63605499267578,-16.46371538170212,5.328063881413847,-31.60957336425781,-6.822967529296875,2899.5408800855344,237.7838625768567,2229.4312477111816,3395.058717727661,1430.9983249488735,90.72458542060612,1199.257698059082,1677.7558135986328,3.0,4.0,3.0,3.0,Having to make up for robot's mistakes (dropped blocks) while still focusing on task. Stressful prioritizing non-dominant hand.,13,11,15,3,18.0
e27,session6,session,6,34.07034089874523,7.126531323795999,20.232954025268555,58.22196006774902,-10.120090301066762,2.6721392442925453,-14.970111846923828,1.8501663208007808,2655.032694010555,252.00225232797777,1841.0310459136963,3151.870651245117,1951.9269432083831,182.16010850229375,1461.5143203735352,2211.613082885742,3.0,2.0,5.0,2.0,Speed of robot(s);Predictability of robot(s),13,1,6,5,20.0
e27,session7,session,7,0.0721175301523887,16.43802274301821,-29.717674255371094,62.17085838317871,26.506669631064188,5.624510637999894,5.929489135742188,40.794219970703125,2999.003657556478,320.09888178806835,1954.649677276612,3582.8402423858643,1305.6290790525939,127.72498870912531,962.329559326172,1552.1617126464844,5.0,5.0,3.0,5.0,"Speed of robot(s);Sound of the lego blocks;The amount of blocks;Once I would fall behind (>1 lego in each basket), would lead to added stress",20,20,18,17,19.0
e27,session8,session,8,31.45003502339,4.442800319102168,14.387826919555664,38.22641372680664,-0.7932127070726211,2.869461366647467,-6.6834259033203125,6.352500915527344,2260.910241494119,355.0581054977934,1111.8217277526855,2939.51265335083,1910.9165852837982,295.7470915887482,1075.567626953125,2282.417678833008,1.0,2.0,5.0,1.0,Robot dropping blocks and nearly missing basket,7,2,4,5,20.0
e28,baseline,baseline,0,-3.2761909871919386,2.0260275187714756,-8.368806838989258,2.0145034790039062,-3.8836311994736166,3.427510059151824,-9.271888732910156,5.413017272949219,63.63806950996111,10.336754330190217,43.9068603515625,96.22953414916992,76.49647082245001,11.939056444580741,47.33413696289063,101.24519348144533,,,,,,,,,,
e28,session1,session,1,43.81549142893388,8.558496325123183,11.569476127624512,59.15604114532471,-12.365754219278632,4.510974489762218,-26.3946533203125,-1.289043426513672,2373.027153454066,327.2741671014461,1284.7100257873535,2941.3079738616943,1281.677994468721,132.76559399147433,856.6951751708984,1644.1731643676758,,,,,,,,,,
e28,session2,session,2,10.41708789609965,2.584110714121544,6.208305358886719,20.689573287963867,15.206986710616235,4.026060727125656,3.00048828125,25.662384033203125,2387.562547298655,196.4864738685376,1759.928698539734,2785.263948440552,1301.1665371771137,105.16442104729424,1024.323387145996,1554.0800857543943,,,,,,,,,,
e28,session3,session,3,26.467800878580643,5.4341726066808995,14.21433448791504,40.46144485473633,-2.122212134644576,10.083964132181073,-21.63074493408203,26.14574432373047,3570.794244451004,288.67739207663504,2828.5216999053955,4257.54355430603,2135.262983992509,151.10222067660396,1720.909080505371,2472.7536010742188,,,,,,,,,,
e28,session4,session,4,-9.373455556366732,3.144299813352341,-18.003315925598145,-4.277057647705078,-4.310323802995882,4.947040662896044,-14.478816986083984,11.07135772705078,2826.8621023429487,407.6659291578882,1454.3345403671265,3504.500513076782,1582.1338134829468,188.02038570445956,977.9590225219728,2053.9126777648926,,,,,,,,,,
e28,session5,session,5,19.363945627811066,3.8013795574818814,4.262537956237793,25.451531410217285,32.36273210916559,3.9938991718118357,19.73838806152344,43.166141510009766,2440.3656435312087,178.06693045445778,1981.3448524475093,2880.82820892334,1174.6196457132635,94.0910546865257,1004.0011978149414,1413.940200805664,,,,,,,,,,
e28,session6,session,6,48.44820580223116,7.385194962970394,19.71745491027832,59.70271110534668,14.062845677012678,5.509846566838965,-2.79937744140625,23.620147705078125,3401.105844336075,399.8535893487261,1924.7728443145752,4085.4065895080566,2037.8865675746647,270.3868280009989,1161.3913345336914,2542.9615783691406,,,,,,,,,,
e28,session7,session,7,-9.804821084234007,1.1132626417307034,-12.133655548095703,-7.563114166259766,28.191195890993253,2.629407788809106,22.29736328125,34.73289489746094,2452.459615583699,283.8228918349004,1618.8490390777588,2997.3129844665527,1040.0168017862231,100.09447518079958,812.0476150512695,1375.5218887329102,,,,,,,,,,
e28,session8,session,8,1.836468335474884,2.7402950804498576,-10.002307891845703,6.368579864501953,22.703108089239528,6.53514380673796,8.727378845214844,39.71435546875,5436.523736625536,411.63561867375427,4049.8135256767273,6135.674743652344,1947.2057873634114,187.85045797390072,1379.6410751342771,2388.3326721191406,,,,,,,,,,
e29,baseline,baseline,0,6.686764282162718,4.936427620043187,-6.288585662841797,14.836950302124023,37.56707762075767,7.919034287640008,16.710166931152344,50.16815185546875,509.90318576661116,103.07832608408863,112.73048400878906,666.0952663421631,330.7395174513302,37.68784631127722,203.4356689453125,405.9124374389648,,,,,,,,,,
e29,session1,session,1,-55.403249044298626,14.255026087041621,-78.50847244262695,-1.8584060668945312,27.555526709456824,9.83843289236074,-8.927383422851562,45.37441253662109,3079.2403409670587,423.2889090028346,1578.845500946045,3797.752618789673,3120.813996741961,300.98008580506007,2068.195114135742,3710.6220626831055,3.0,4.0,4.0,4.0,Speed of robot(s);The sound of the robot(s),10,12,8,9,18.0
e29,session2,session,2,29.0384259283792,9.019447975814511,-6.969995498657227,42.98589706420898,-15.25643959205021,7.691477629989516,-33.9630126953125,9.341278076171877,2256.89003077511,225.98038692303584,1523.2313632965088,2672.120261192322,2442.958541694545,216.00058038040527,1776.8114471435547,2847.4425888061523,1.0,3.0,4.0,2.0,Nothing caused stress,3,1,1,1,20.0
e29,session3,session,3,-87.6964802023756,13.785878922409271,-112.055983543396,-34.88471031188965,82.91451294551834,13.586699072267507,33.406715393066406,105.75088500976562,3055.723827204445,427.1925864952244,1661.654691696167,3832.5918674468994,2906.501964465345,264.0248737900506,1988.738021850586,3418.452262878418,2.0,3.0,3.0,4.0,Nothing caused stress,5,3,3,2,20.0
e29,session4,session,4,11.931989252816683,3.6328367796375858,0.991802215576172,20.14815330505371,-5.436037733963842,5.816694314787583,-17.132911682128906,5.849533081054688,2224.4032759247466,307.1471889298884,1131.733331680298,2734.4415807724,2484.326278455088,197.48611524611786,1882.7894973754885,2862.724151611328,2.0,4.0,3.0,3.0,Nothing caused stress,4,7,6,1,18.0
e29,session5,session,5,71.47875075559736,8.00505348288645,48.90352249145508,90.24261474609376,140.47134790460436,19.4353289539745,72.85110473632812,169.53685760498047,2998.805973619597,440.9684041075758,1277.0010423660278,3656.200747489929,1593.0685532541954,160.63929608879062,1074.5204162597656,1846.752586364746,1.0,2.0,2.0,3.0,Nothing caused stress,4,2,2,1,20.0
e29,session6,session,6,-14.040008409252726,3.016451367884427,-22.728166580200195,-7.032938003540039,43.33211180555272,5.317826999805746,27.310562133789062,49.96280670166016,2459.4294447180614,207.66557608943208,1813.708233833313,2843.576045036316,2446.1179396497655,292.61220997303786,1458.323097229004,2833.535614013672,3.0,3.0,2.0,4.0,Speed of robot(s);Predictability of robot(s);The sound of the robot(s),7,9,10,3,18.0
e29,session7,session,7,32.069148478647655,5.6336030713262835,9.928550720214844,37.87792682647705,-71.10764515449812,12.995574862919291,-93.0450439453125,-36.9085693359375,2236.904794411679,234.4638643343291,1509.8750925064087,2642.804274559021,2120.9272925724044,202.75834771706798,1400.5764389038086,2508.2629013061523,4.0,4.0,3.0,4.0,Speed of robot(s);Predictability of robot(s);The sound of the robot(s);The amount of blocks,15,17,13,15,15.0
e29,session8,session,8,45.81462310447853,6.387152107767125,21.04476928710937,56.15891933441162,-4.4036908728308255,9.142925176880013,-25.62606811523437,15.747528076171877,1310.3375526950947,147.93342610638177,809.8606109619141,1551.624083518982,1557.6895834711306,151.8330481969505,1044.5691680908203,1816.058654785156,3.0,3.0,3.0,3.0,The sound of the robot(s);Speed of robot(s);Sound of the lego blocks,7,4,4,2,20.0
e3,baseline,baseline,0,13.168780474483219,6.3534455466501605,-2.743563652038574,29.211058616638184,-58.14614188222207,11.59996219825926,-77.74543762207031,-18.678970336914062,421.88246984362104,69.38949807443197,150.6668472290039,581.4025497436523,404.30082983551665,81.91707056569355,228.56300354003903,538.4366607666016,,,,,,,,,,
e3,session1,session,1,-178.37243187377643,9.618291059148149,-201.47263526916504,-158.0237102508545,14.789163038820403,15.872514309356387,-25.57559967041016,43.21235656738281,5511.349729179838,696.9828862072529,3117.1041011810303,6808.2329177856445,1843.8000489079304,151.43836492521447,1427.350616455078,2164.326515197754,,,,,,,,,,
e3,session2,session,2,-56.51695863971152,6.536958735216104,-68.34463119506836,-34.67731475830078,-74.90482234555807,8.488270408162643,-89.75227355957031,-50.91205596923828,4550.677781863193,574.9250958588864,2900.951871871948,5947.463779449463,2323.402404066908,269.1046444215908,1666.0729217529297,3151.16792678833,1.0,5.0,5.0,2.0,Nothing caused stress;,1,1,1,1,20.0
e3,session3,session,3,-48.75421683658616,11.998065954926188,-70.20638465881348,-4.734592437744141,-23.508695219351157,5.035299103031066,-41.058387756347656,-11.261463165283203,7814.944580249707,740.4467165055601,5519.046850204468,9579.788417816162,2945.7483932862224,183.83639017326647,2327.232818603516,3402.105293273926,1.0,5.0,5.0,1.0,The amount of blocks;,3,5,5,1,20.0
e3,session4,session,4,-61.54466108298202,12.748027533747583,-84.97426986694336,-16.070709228515625,6.421563016819655,15.769325148816883,-35.29685974121094,38.82753372192383,6703.577324346518,831.1719735371203,4419.77527141571,8697.67974615097,3960.641339393839,411.99510546309017,2834.7890090942383,4620.563087463379,1.0,5.0,5.0,1.0,The amount of blocks;,7,8,8,1,20.0
e3,session5,session,5,0.0,0.0,0.0,0.0,0.0,0.0,0.0,0.0,0.0,0.0,0.0,0.0,0.0,0.0,0.0,0.0,1.0,5.0,5.0,1.0,Nothing caused stress;,4,1,1,1,20.0
e3,session6,session,6,81.05349531732344,2.751036205251666,75.87109565734863,88.46657752990723,-41.10460313294223,5.128547681292402,-49.290771484375,-25.55282592773437,5367.344354715307,521.6301887119618,3937.120428085327,6636.977090835571,2084.293306901365,225.43166456460608,1588.0716705322266,2691.0287475585938,1.0,5.0,5.0,1.0,Nothing caused stress;,1,1,1,1,20.0
e30,baseline,baseline,0,-22.352771070711782,6.255662982311414,-37.60814666748047,-5.401439666748047,8.608123587763957,12.535065383434484,-24.83053207397461,29.570236206054688,368.6541909752531,63.58516749771992,225.16385078430176,529.1702842712402,246.39609875539358,37.468309237961805,143.09581756591797,369.7178649902344,,,,,,,,,,
e30,session1,session,1,-52.43065779677993,9.710859583860833,-68.98168087005615,-18.400697708129883,21.614783618240676,4.722251160728093,3.4238433837890625,31.9390869140625,3680.9622527615297,550.9536073941753,1974.7547721862795,4878.647246360779,1663.0013863312151,163.63678478464556,1243.9874267578125,2066.699676513672,,,,,,,,,,
e30,session2,session,2,68.98368729707087,11.27100716020442,24.75571632385254,87.03341960906982,28.100759873330343,13.59140559853322,-8.9044189453125,58.96774291992188,3561.3897379821315,567.2980171298647,2162.779383659363,4987.297296524048,1920.854980795952,187.79924404891506,1357.6499938964844,2304.4322204589844,,,,,,,,,,
e30,session3,session,3,115.4696581453459,15.765275887456038,57.44796752929688,142.05883026123047,-23.486486019948536,7.820871126521719,-35.23468017578125,6.804313659667969,3349.9564325959113,348.1612723209228,2496.7007446289062,4246.929402351379,2211.253764539583,335.3102355388646,1411.1175918579102,2948.1739044189453,,,,,,,,,,
e30,session4,session,4,11.505569972752527,7.30970717278509,-8.949136734008789,27.1065616607666,74.78260171962084,22.879439282726732,16.49871826171875,122.72369384765624,3289.234907776741,488.8349533445998,2117.3935890197754,4527.568130493164,2360.113061442036,304.3239762809019,1685.3034591674805,3189.9585151672363,,,,,,,,,,
e30,session5,session,5,-29.867691320355465,4.752234117165917,-37.73177146911621,-12.944169044494627,115.76854462404131,13.43566074164861,75.1363754272461,144.33563232421875,2781.6676302634523,372.0891085897292,1688.8796210289,3669.655451774597,1876.4319329281732,191.7529367085276,1354.719581604004,2295.0133895874023,,,,,,,,,,
e30,session6,session,6,48.83500658817371,12.946940308652428,1.729717254638672,70.66885471343994,14.549853911459696,7.1698322682481495,0.139312744140625,39.79911804199219,3499.180431236283,452.4769841360063,2057.966709136963,4519.189739227295,2236.0240134235205,233.3700572759728,1480.1641273498535,2741.274833679199,,,,,,,,,,
e30,session7,session,7,98.51839522936353,11.134211259544509,58.24859619140625,117.2508430480957,4.125288839619529,8.483383857963862,-26.589927673339844,22.457504272460938,5691.840398580958,690.3791493574789,3879.327292442322,7437.910509109497,2677.766382584512,260.83597627926906,1986.3618850708008,3278.382053375244,,,,,,,,,,
e30,session8,session,8,80.9634386869654,13.029179529059764,26.938483715057373,101.6314172744751,49.88977663686585,2.9284601128336867,40.459022521972656,59.77630615234375,685.2440169603256,77.102011983059,467.37952709198,874.4217038154602,591.286777512299,97.03335556416718,309.59056854248047,761.8695068359375,,,,,,,,,,
e4,baseline,baseline,0,1.5991042548143715,0.9598872921438891,-0.6557750701904297,6.327409744262695,3.3161662911770233,1.5488939983752428,-5.404300689697266,6.2833404541015625,43.769394423672345,7.563205795395215,28.60370635986328,67.03305244445801,101.48755237148397,13.93489552203454,67.77751922607422,158.72764587402344,,,,,,,,,,
e4,session1,session,1,70.9063487372139,6.5999633339284145,48.71277809143066,86.07470512390137,27.15204510229901,7.029841662577847,2.8005599975585938,39.73995208740234,4441.520436987218,320.40618104151724,3434.6830129623413,5043.750600814819,3610.136146705021,385.5611189063904,2463.633613586426,4426.476707458496,4.0,4.0,4.0,4.0,The sound of the robot(s);Speed of robot(s);The amount of blocks;,13,18,16,17,19.0
e4,session2,session,2,65.76416467522976,6.499414044181911,55.83123207092285,85.16864776611328,146.47801602734683,16.481664679350178,82.72911071777344,174.22393798828125,4455.501752408479,496.7188278781159,2736.3779640197754,5311.532335281372,3660.030127728833,448.5138517266787,2161.287841796875,4527.137985229492,2.0,3.0,5.0,3.0,The sound of the robot(s);Sound of the lego blocks;,10,9,9,6,20.0
e4,session3,session,3,28.153581290065492,2.4198365064697587,20.854825973510746,34.483652114868164,33.02699041167064,6.094034924616547,10.097389221191406,44.66175079345703,3694.383437094828,441.0844268866266,2255.110158920288,4483.006925582886,2355.4143499031225,240.99495680895265,1555.6609725952148,2866.259078979492,3.0,3.0,4.0,2.0,Speed of robot(s);Predictability of robot(s);The sound of the robot(s);Sound of the lego blocks;,13,10,12,9,19.0
e4,session4,session,4,7.353917215658531,4.299338793195222,0.5371570587158203,23.808374404907227,44.83517343529099,6.7532813665659885,18.08319091796875,55.68572998046875,3006.7314750380096,287.80218256097857,2186.0216903686523,3542.315969467163,2387.1400400185685,287.6331721637245,1452.6490020751953,3013.1541442871094,2.0,2.0,4.0,2.0,The sound of the robot(s);Speed of robot(s);Predictability of robot(s);,6,7,5,6,20.0
e4,session5,session,5,25.402891745627176,9.055837648600422,-7.473907470703125,39.71672058105469,32.04827252791018,4.687538213215047,14.006004333496094,41.68712615966797,1962.5291299620433,130.4369638186028,1650.3348112106323,2229.4313621521,1514.6292258306528,143.01183083283073,1049.645881652832,1857.855758666992,2.0,2.0,4.0,2.0,The sound of the robot(s);Speed of robot(s);,3,4,4,5,20.0
e4,session6,session,6,40.30016234729081,11.646756044023634,15.898919105529783,67.97425746917725,17.11528490776796,19.424050085007437,-19.82749938964844,63.50502014160156,2339.891457009016,270.3129406979139,1637.932949066162,2954.46533203125,1598.7437632891922,217.4743906625752,985.6671524047852,2026.0871124267576,1.0,2.0,5.0,2.0,Speed of robot(s);The sound of the robot(s);Sound of the lego blocks;,2,4,3,4,20.0
e4,session8,session,8,18.048252690287313,3.7841712991045373,3.585691452026367,25.109310150146484,91.23529833231012,11.889496598198178,54.57565307617188,115.10799407958984,2919.141352795158,303.1954702213773,1957.8968238830569,3451.3133811950684,2713.1165015248575,314.336861491795,1697.9723358154297,3386.2854385375977,3.0,3.0,3.0,3.0,Speed of robot(s);The sound of the robot(s);Sound of the lego blocks;The amount of blocks;The cameras;,8,8,6,5,20.0
e5,baseline,baseline,0,-11.176734170155544,2.0779127538319213,-14.846563339233398,-5.232324600219727,1.7143738718711183,3.6930867534438363,-8.313331604003906,8.521957397460938,425.7101721145119,63.14670486180727,183.36759567260745,544.6052885055542,331.1395728937253,42.43430067874252,208.37852478027344,470.4070663452149,,,,,,,,,,
e5,session1,session,1,93.52540853133262,5.011575581636049,85.04510879516602,108.90478134155272,63.720613902582784,14.281452939190533,9.722251892089844,88.7948226928711,6068.153434956922,854.9861308164444,3701.694688796997,8109.55756187439,5245.252294979335,937.9867644658653,2578.2224655151367,6927.314167022705,2.0,3.0,4.0,5.0,Speed of robot(s);,9,15,5,1,20.0
e5,session2,session,2,-25.910047806456497,13.316862675098836,-42.22655296325684,20.692920684814453,119.2561626833353,14.978544006008281,68.3871078491211,141.9677734375,7400.197856156896,947.0212130048703,4916.84326171875,9639.444308280945,4421.081057033778,306.6881953860525,3431.8407440185547,5018.438568115234,2.0,4.0,3.0,5.0,Speed of robot(s);,10,17,7,4,20.0
e5,session3,session,3,-23.198376958839066,8.751903695655608,-37.47047424316406,4.902076721191406,150.3417661100252,22.450167800611474,76.34162902832031,190.6887245178223,4697.412959282368,650.3990680279509,2950.467338562012,6221.306276321411,3033.276777267456,311.0558936264769,2201.4234924316406,3597.0388221740723,3.0,5.0,5.0,5.0,Speed of robot(s);,13,18,13,15,19.0
e5,session5,session,5,180.73396153031035,14.842614636481462,129.22943115234375,203.3627414703369,109.80886387525742,11.003967121038361,67.77381896972656,126.7190170288086,3735.5009887906795,375.08645164201243,2901.310329437256,4678.086862564087,2791.3050637185324,254.1308815704005,2105.3330993652344,3257.259635925293,1.0,2.0,5.0,3.0,Speed of robot(s);,1,1,1,3,20.0
e5,session6,session,6,-75.46377289744102,17.513250263595754,-106.72439575195312,-10.236082077026367,-82.13041648705135,9.19191747252612,-101.1600112915039,-57.60566711425781,3163.790735320566,392.79417551674504,2196.2484741210938,4187.434072494507,2353.4560009625166,317.7509262871445,1661.9595336914062,3130.5249214172363,2.0,5.0,5.0,4.0,Speed of robot(s);,1,5,4,9,20.0
e5,session7,session,7,-182.08228709807454,20.12078020160761,-219.7886037826538,-111.98593139648438,135.53315110785192,23.79538643325907,66.20201110839844,185.62530517578125,6208.992894618581,704.3288362481635,4254.426698684692,7846.12327337265,3315.4362246780715,322.30848921225066,2388.844680786133,3939.993743896485,1.0,3.0,5.0,3.0,Speed of robot(s);,4,1,4,1,20.0
e5,session8,session,8,-70.76007534769289,18.974088451659743,-118.1191349029541,-36.533803939819336,66.99186592421272,28.76915197511589,-40.15796661376953,99.47124481201172,3953.8918611195295,513.0308191737499,2684.754123687744,5201.585683822632,3249.1789863698154,365.32801289474116,2016.832427978516,3868.994636535645,1.0,2.0,5.0,2.0,Speed of robot(s);,1,1,1,2,20.0
e6,baseline,baseline,0,-0.9840829003306113,0.21667503182683726,-1.5053844451904297,-0.4872035980224609,0.1584988757656209,0.6706960068587673,-1.6225624084472656,1.5745162963867188,40.64600932548235,3.2230514879048897,30.22374629974365,52.64814376831055,90.37187380770759,11.409809545430184,60.76374053955078,114.50702667236328,,,,,,,,,,
e6,session1,session,1,108.2402708440645,17.22994444695467,57.151594161987305,148.39982986450195,9.243079748113784,26.032746319560616,-54.51114654541016,70.31219482421875,3635.05344766952,625.156086010675,1154.93266582489,4653.288087844849,1199.3584602148462,100.41897595685532,913.8466644287108,1509.7161102294922,2.0,4.0,5.0,3.0,Unfamiliar environment / people;,Not at all,Obnoxiously slow,Trivial effort,Slightly annoyed at the slow pacing,20.0
e6,session2,session,2,61.51443790691168,6.125705541591126,39.822635650634766,71.77392482757568,3.3390762217374026,6.949660487212232,-11.544723510742188,23.814926147460938,5765.15699614042,882.0350505642907,2300.4640102386475,7351.088047027588,1787.9350131924682,168.0459261874848,1362.4748611450195,2258.907642364502,2.0,4.0,4.0,3.0,Predictability of robot(s);Keeping track of what block it was attempting to pull in case of a mis-grab so I knew what piece to replace.  ;,10,12,7,3,17.0
e6,session3,session,3,-19.841272890817173,6.111047622503525,-30.17417907714844,4.89349365234375,26.2477331680234,6.7005165289769915,3.183135986328125,38.12263488769531,5266.744648532389,729.0418728650333,2593.751621246338,6689.05797958374,1857.6772801945897,241.12160738234704,1459.0079498291016,2581.5342330932617,3.0,4.0,3.0,4.0,Predictability of robot(s);,9,10,8,3,19.0
e6,session4,session,4,98.90454685338871,10.75433493713334,64.19620513916016,122.19732284545898,61.92376304371088,12.755355640537797,12.018394470214844,79.79469299316406,5614.107801804483,814.9983358993356,2594.8598098754883,7186.271467208862,1946.1904779936979,182.37157872465778,1546.870002746582,2453.6550521850586,3.0,4.0,2.0,3.0,Robots not working as expected;,9,9,12,5,18.0
e6,session5,session,5,26.528554222075012,5.14697660871184,15.78017234802246,38.36663246154785,-7.419099209198892,9.498974434483126,-33.36803436279297,8.569831848144531,2425.7150862705757,285.22388703949207,1513.4888648986816,3051.3888931274414,1379.5791254881535,129.69575411168245,1092.138900756836,1714.101448059082,1.0,3.0,4.0,1.0,Speed of robot(s);,2,1,3,5,20.0
e6,session6,session,6,51.63943057279707,9.137998960733135,20.746335983276367,70.96949100494385,-31.66325613045792,9.831133251754181,-52.99674987792969,4.168701171875,6154.426556631112,1075.0679303581846,1970.069003105164,7775.737867355347,1966.7529803639177,193.21687801571784,1352.2534561157229,2426.337661743164,2.0,4.0,4.0,3.0,Nothing caused stress;,3,6,5,3,20.0
e6,session7,session,7,-11.28211375559723,5.244951174124007,-20.424184799194336,4.182872772216797,39.2113815690683,10.174957655916204,-1.7390823364257812,55.04165649414063,3517.0184406077015,467.7933769427813,1858.790702819824,4418.103275299072,1679.767734336055,122.93642289535674,1362.6781463623047,1986.768341064453,2.0,4.0,4.0,2.0,Nothing caused stress;,3,3,4,2,20.0
e6,session8,session,8,-66.5088990642436,15.199732974925444,-94.53217506408691,-7.144374847412109,-20.99139448987889,10.990774238462702,-52.578086853027344,-0.0525665283203125,5634.958686240048,850.9950742187522,2356.24116897583,7213.981447219849,1833.995928584781,203.1739271025644,1385.665512084961,2314.0272903442383,2.0,4.0,4.0,2.0,Nothing caused stress;,3,3,3,2,20.0
